<?xml version="1.0" encoding="UTF-8" ?>
<!DOCTYPE configuration
  PUBLIC "-//mybatis.org//DTD Config 3.0//EN"
  "http://mybatis.org/dtd/mybatis-3-config.dtd">
<configuration>
	<environments default="development">
		<environment id="development">
			<transactionManager type="JDBC" />
			<dataSource type="POOLED">
				<property name="driver" value="com.mysql.jdbc.Driver" />
				<property name="url" value="jdbc:mysql://localhost:3306/eggsale_dev" />
				<property name="username" value="eggsale" />
				<property name="password" value="eggsale" />
			</dataSource>
		</environment>
	</environments>
	<mappers>
		<package name="fr.ensimag.ack.eggsale.db.mapper" />
	</mappers>
</configuration>